Sector,Risk,Decoy_Value,Selection_Score,Probability
S6,9.0,9.0,1.0,0.2729855441745926
S2,11.0,8.0,0.7272727272727273,0.1985349412178855
S4,14.0,7.0,0.5,0.1364927720872963
S7,16.0,7.0,0.4375,0.11943117557638425
S1,13.0,5.0,0.38461538461538464,0.104994440067151
S8,15.0,4.0,0.26666666666666666,0.07279614511322469
S5,25.0,6.0,0.24,0.06551653060190221
S3,28.0,3.0,0.10714285714285714,0.02924845116156349
