Route_ID,Route_Name,Joint_Risk,N_Risk,N_Time,N_Reward,Final_Score
R3,Cable-Car Line,0.5215999999999998,0.0,1.0,1.0,0.6000000000000001
R5,Maintenance Lift Shaft,0.36550000000000005,0.46757525834955793,0.7777777777777778,0.5,0.5425856588953788
R1,Ridge Tunnel,0.3879999999999999,0.4001797214317809,0.6666666666666666,0.5833333333333334,0.5267385552393791
R4,Drainage Channel,0.328912,0.5771693874494533,0.3333333333333333,0.3333333333333333,0.43086775497978136
R2,Forest Service Road,0.18775000000000008,1.0,0.0,0.0,0.4
